{"cameraMode":{"drawMode":0,"name":"Shaded","section":"Shading Mode"},"sceneLighting":true,"audioPlay":false,"sceneViewState":{"m_AlwaysRefresh":false,"showFog":true,"showSkybox":true,"showFlares":true,"showImageEffects":true,"showParticleSystems":true,"showVisualEffectGraphs":true,"m_FxEnabled":true},"in2DMode":false,"pivot":{"x":15.507150650024414,"y":5.951867580413818,"z":2.8446459770202638},"rotation":{"x":0.23602953553199769,"y":0.04196876287460327,"z":-0.01026423741132021,"w":0.9708183407783508},"size":4.428625106811523,"orthographic":false}